"title","code","actualCostPeriod","actualCost"
"05 POST BUILD","05",0,0
"05 POST BUILD","05",0,0
"05 POST BUILD","05",0,0
"05 POST BUILD","05",0,0
"05 POST BUILD","05",0,0
"05 POST BUILD","05",0,0
"05 POST BUILD","05",0,0
"05 POST BUILD","05",0,0
"05 POST BUILD","05",0,0
"05 POST BUILD","05",0,0
"05 POST BUILD","05",0,0
"05 POST BUILD","05",0,0
"05 POST BUILD","05",0,0
"05 POST BUILD","05",0,0
"05 POST BUILD","05",0,0
"05 POST BUILD","05",0,0
"05 POST BUILD","05",0,0
"05 POST BUILD","05",0,0
"05 POST BUILD","05",0,0
"05 POST BUILD","05",0,0
"05 POST BUILD","05",0,0
"05 POST BUILD","05",0,0
"05 POST BUILD","05",0,0
"05 POST BUILD","05",0,0
"05 POST BUILD","05",0,0
"05 POST BUILD","05",0,0
"05 POST BUILD","05",0,0
"05 POST BUILD","05",0,0
"05 POST BUILD","05",0,0
"05 POST BUILD","05",0,0
"05 POST BUILD","05",0,0
"05 POST BUILD","05",0,0
"05 POST BUILD","05",0,0
"05 POST BUILD","05",0,0
"05 POST BUILD","05",0,0
"05 POST BUILD","05",0,0
"05 POST BUILD","05",0,0
"05 POST BUILD","05",0,0
"05 POST BUILD","05",0,0
"05 POST BUILD","05",0,0
"05 POST BUILD","05",0,0
"05 POST BUILD","05",0,0
"05 POST BUILD","05",0,0
"05 POST BUILD","05",0,0
"05 POST BUILD","05",0,0
"05 POST BUILD","05",0,0
"05 POST BUILD","05",0,0
"05 POST BUILD","05",0,0
"05 POST BUILD","05",0,0
"05 POST BUILD","05",0,0
"05 POST BUILD","05",0,0
"05 POST BUILD","05",0,0
"05 POST BUILD","05",0,0
"05 POST BUILD","05",0,0
"05 POST BUILD","05",0,0
"05 POST BUILD","05",0,0
"05 POST BUILD","05",0,0
"05 POST BUILD","05",0,0
"05 POST BUILD","05",0,0
"05 POST BUILD","05",0,0
"05 POST BUILD","05",0,0
"05 POST BUILD","05",0,0
"05 POST BUILD","05",0,0
"05 POST BUILD","05",0,0
"05 POST BUILD","05",0,0
"05 POST BUILD","05",0,0
"05 POST BUILD","05",0,0
"05 POST BUILD","05",0,0
"05 POST BUILD","05",0,0
"05 POST BUILD","05",0,0
"05 POST BUILD","05",0,0
"05 POST BUILD","05",0,0
"05 POST BUILD","05",0,0
"05 POST BUILD","05",0,0
"05 POST BUILD","05",0,0
"05 POST BUILD","05",0,0
"05 POST BUILD","05",0,0
"05 POST BUILD","05",0,0
"05 POST BUILD","05",0,0
"05 POST BUILD","05",0,0
"05 POST BUILD","05",0,0
"05 POST BUILD","05",0,0
"05 POST BUILD","05",0,0
"05 POST BUILD","05",0,0
"05 POST BUILD","05",0,0
"05 POST BUILD","05",0,0
"05 POST BUILD","05",0,0
"05 POST BUILD","05",0,0
"05 POST BUILD","05",0,0
"05 POST BUILD","05",0,0
"05 POST BUILD","05",0,0
"05 POST BUILD","05",0,0
"05 POST BUILD","05",0,0
"05 POST BUILD","05",0,0
"05 POST BUILD","05",0,0
"05 POST BUILD","05",0,0
"05 POST BUILD","05",0,0
"05 POST BUILD","05",0,0
"05 POST BUILD","05",0,0
"05 POST BUILD","05",0,0
"05 POST BUILD","05",0,0
"05 POST BUILD","05",0,0
"05 POST BUILD","05",0,0
"05 POST BUILD","05",0,0
"05 POST BUILD","05",0,0
"05 POST BUILD","05",0,0
"05 POST BUILD","05",0,0
"05 POST BUILD","05",0,0
"05 POST BUILD","05",0,0
"05 POST BUILD","05",0,0
"05 POST BUILD","05",0,0
"05 POST BUILD","05",0,0
"05 POST BUILD","05",0,0
"05 POST BUILD","05",0,0
"05 POST BUILD","05",0,0
"05 POST BUILD","05",0,0
"05 POST BUILD","05",0,0
"05 POST BUILD","05",0,0
"05 POST BUILD","05",0,0
"05 POST BUILD","05",0,0
"05 POST BUILD","05",0,0
"05 POST BUILD","05",0,0
"05 POST BUILD","05",0,0
"05 POST BUILD","05",0,0
"05 POST BUILD","05",0,0
"05 POST BUILD","05",0,0
"05 POST BUILD","05",0,0
"05 POST BUILD","05",0,0
"05 POST BUILD","05",0,0
"05 POST BUILD","05",0,0
"05 POST BUILD","05",0,0
"05 POST BUILD","05",0,0
"05 POST BUILD","05",0,0
"05 POST BUILD","05",0,0
"05 POST BUILD","05",0,0
"05 POST BUILD","05",0,0
"05 POST BUILD","05",0,0
"05 POST BUILD","05",0,0
"05 POST BUILD","05",0,0
"05 POST BUILD","05",0,0
"05 POST BUILD","05",0,0
"05 POST BUILD","05",0,0
"05 POST BUILD","05",0,0
"05 POST BUILD","05",0,0
"05 POST BUILD","05",0,0
"05 POST BUILD","05",0,0
"05 POST BUILD","05",0,0
"05 POST BUILD","05",0,0
"05 POST BUILD","05",0,0
"05 POST BUILD","05",0,0
"05 POST BUILD","05",0,0
"05 POST BUILD","05",0,0
"05 POST BUILD","05",0,0
"05 POST BUILD","05",0,0
"05 POST BUILD","05",0,0
"05 POST BUILD","05",0,0
"05 POST BUILD","05",0,0
"05 POST BUILD","05",0,0
"05 POST BUILD","05",0,0
"05 POST BUILD","05",0,0
"05 POST BUILD","05",0,0
"05 POST BUILD","05",0,0
"05 POST BUILD","05",0,0
"05 POST BUILD","05",0,0
"05 POST BUILD","05",0,0
"05 POST BUILD","05",0,0
